,units,profit_per_unit,total_profit
P1,26.666667,20,533.33334
P2,36.666667,30,1100.00001
